employee_id,username,password,email,isAdmin,department,team,timeSpent,gender
1,Ywu,4029acef5202c41c4a2eebc3adc5c2b4fd7b03c1432a7d62b7f0d52f685fea64,samanthaperkins@example.net,True,Data Management,Infrastructure Team,86049,Male
2,Jennifer27,df2695d41ba937f55c8500719e8442411162a9b279aa43ec2ecd916a777cbe33,wevans@example.net,True,Software Development,Technical Support Team,56812,Female
3,Vedwards,a17b631853d6ce57906509bca37fc24f7a75b8e359cf6889bd9ff521dbbcd39b,matthew60@example.net,False,Cloud Services,User Experience (Ux) Team,79179,Male
4,Gonzalessabrina,4ce6d4316823bb3e3b05f879cfc8728b55a7fa3af4be123e6cbf64baee8a00ee,melissa00@example.net,True,It Support,Devops Team,63847,Male
5,Jessica89,6c317fa4a742abc70f52cf23322e424ee096b151d24837e6598be8c259a2467f,tonya60@example.org,False,Software Development,User Experience (Ux) Team,10197,Male
6,Denise90,4999880b99380404e6f5841e6f660974881e6ee55567016f136c2f0699bd87d9,eanderson@example.org,False,Software Development,User Experience (Ux) Team,77159,Female
7,Jennifer04,52236a167ca316738a44fba3a21f3dea2b046657b1476e52ed65f73c51fb0d8c,ddavidson@example.com,False,Cybersecurity,Quality Assurance (Qa) Team,92601,Male
8,Tracykelly,14bd078e95d9b18731f5651895355901796caf4f5a4a46512552823fd729fdb7,hayesmelissa@example.com,True,Cybersecurity,Infrastructure Team,72228,Female
9,Michaelhernandez,0e1594f828ecf7de280c36543c36657509e2138fe0ebc621f5d22b02ed0218fb,ianharris@example.net,False,Data Management,Technical Support Team,44318,Male
10,Hamptonmary,8c92da9bac8f0298548d7531b40bdd4d08bfe4e5c9ef76a47f92081db49e779a,david49@example.com,False,Data Management,Devops Team,51102,Male
11,Johnsonleonard,1e7cf36ac3ab7b3d71cca3d7638b2acc9dc7ff62715f313a0a2c36677c02d7e0,robertmorris@example.com,False,It Support,Data Analytics Team,91451,Female
12,Newing,a096562793909fd783aa1934f293c06bdb041d403c194dd72ed5842dbceb5152,revans@example.net,False,Data Management,User Experience (Ux) Team,42581,Male
13,Herrerajacob,75f6c57b4a2f510e152acd12867018645404aa73516e03d4e4dc182000bb5f9f,vegatammy@example.org,True,Data Management,User Experience (Ux) Team,57163,Male
14,Zacharylee,fd0561a8e0d534f3ba2210e1ca267f4b8ce62f8db30acb8c9f12683d5710ea3e,julia44@example.com,False,Network Administration,User Experience (Ux) Team,54195,Female
15,Leslie54,4861500ff015d5c295591c156dc544502acdc9821f804eef8bbe56a1c0eb95b0,gloverjason@example.org,False,Software Development,Infrastructure Team,944,Female
16,Jamesbradford,f8734937b6a704cbeefa0c861cce0b28c5735cb0744cb8ffe95f47d458dc8f72,jacksontravis@example.net,False,Network Administration,Infrastructure Team,87580,Male
17,Woodspatricia,19b0119673015d2b848d4a108bdb5240e862a96f792ac7a2073109085001c142,turnerkatherine@example.com,False,Network Administration,User Experience (Ux) Team,67030,Male
18,Charlenejacobs,f304a034f104ed3f59239b06e9efffeef02f98d7076c2cebd91febbf9808c093,meganlopez@example.net,False,Cybersecurity,Data Analytics Team,31073,Female
19,James75,86519fe26f9c7e8fa85befe861742fdd36ec7c62c727fe1dab204685eaa2a22c,vargasjill@example.org,True,Network Administration,Infrastructure Team,60894,Female
20,Rickygarcia,d674f90f1ff148f441571a39c213b173669592c3045f049cc36d18e448eccb48,edgarhernandez@example.com,False,Data Management,Devops Team,84940,Female
21,Joshua14,d3d70341a43efc0e69ed74fa191c6fda438b8c3e35795828790f29cf3e84615d,kathleen86@example.com,True,Data Management,Quality Assurance (Qa) Team,74223,Female
22,Dustin00,0d62361f678c29a5af24548797cb5dfa865fe0192526e46df9b076c2849ce48b,isaiah96@example.com,False,Cloud Services,Devops Team,51571,Male
23,Hhodges,d703b6bb5879629ea8271c67723b31fe4f8b710de7bf8696a88ca280e268fa83,joneschad@example.com,False,Network Administration,Quality Assurance (Qa) Team,86001,Male
24,Gwendolynfields,7cceb79d22e18a2d1f0229b6cb622f1bc1cf87fb678c084320025b76afbf8d4e,hernandezkatherine@example.net,False,Network Administration,Quality Assurance (Qa) Team,84952,Female
25,Scott93,cae68c9789975963df23741fa49c6624684923441815e4595eb2a086e1901bda,cynthiaosborne@example.net,False,Data Management,Quality Assurance (Qa) Team,71183,Male
26,Jhill,a66eb6d52e794e6ec7ce5e0777c47f7cfb099fd90d0d5106e918efebb1cbaf00,bethany49@example.net,False,Software Development,Devops Team,49762,Male
27,Slee,9377d70405dd927d70b99d948dd540c8f5c7caffb0d69bccab083d521e1ae1fe,ugray@example.com,False,Network Administration,Technical Support Team,20077,Female
28,Vross,e16e802933e2a4b1ae0e3b74ad6a5ccffaab1e166f71fe19678928bd175d63e1,joannphillips@example.net,False,Software Development,Data Analytics Team,46426,Male
29,Msparks,db62ae807dbadd8b1314a6c7657f7b2df78d29557168dee35e959722c4ee173b,nancy39@example.net,False,Cybersecurity,Data Analytics Team,96587,Male
30,Alexandergary,d5d7b9cd5205ba2fd3e1c41e4704c3e94d5eafa173509e41fef3b64c6a867e7a,marcusellis@example.com,False,Network Administration,Data Analytics Team,34843,Female
31,Brianamartin,456ef76717f946f04678432c486c2e399fd588da3bfdfa6f102749ce6eaec238,omurillo@example.com,False,It Support,Infrastructure Team,29667,Female
32,Weaverronald,1edf7aba52f7943d07f43e298f99e7bfe48530ca15dd77b051bd9e236dd73181,zmoreno@example.com,False,Network Administration,Infrastructure Team,96507,Male
33,Lawsoncrystal,6c5b8e8e02a1dfc3561e21b1928cca272294d535d1b2214c06e992b3908b94ec,erobinson@example.net,False,It Support,Technical Support Team,39990,Female
34,Kylemiller,72fa08fa850efddb8de23122ad1bd5f71703906449c0cce9270fdd274b3800ab,mmorales@example.org,False,Network Administration,User Experience (Ux) Team,28197,Female
35,Urobertson,feaee4091459f68de52ef8820645b610ae310efb804c98f68da0c0c1d96a4212,bauersteven@example.net,False,Network Administration,User Experience (Ux) Team,24651,Female
36,Igoodwin,fb4613ee097a049c178efa2cfec5ad890a394b32d7baeee8b95a5bf91c198891,sarahcarlson@example.org,False,It Support,User Experience (Ux) Team,31538,Male
37,Moranedwin,37b05c62736cbd6038b330ae40120a4161978f2a73c24319aee75b06e8a2e665,miranda60@example.org,False,It Support,Infrastructure Team,42733,Male
38,Lorrainesullivan,7fb139d044c41172878f92247cb7fedee3e64216901b3601c9fce281ae75387e,laura16@example.org,False,Network Administration,Data Analytics Team,93916,Female
39,Kimberly68,8e2604ee504b53718ed7aaf74e771406ccbf0777764c12f0b327531861609140,cstafford@example.net,True,Network Administration,Technical Support Team,11930,Male
40,Amanda58,f32b42a053c115c7c744a135f7bd796cca0483c89c017dcd88559c665d328259,khernandez@example.net,False,Data Management,Infrastructure Team,38586,Female
41,Reedwendy,07b6c3b76826f227c5e27a3ea4fe5b2c0dedaf9da122238cb0e51212dd2d0479,jmiller@example.org,False,Cloud Services,Devops Team,24260,Male
42,Ryansloan,3e6389639a7ad1fc6c830d64aa4314baac6c77fdd05fc57ea8cb88f127164d5a,jennifer56@example.com,False,Data Management,Infrastructure Team,96663,Female
43,Lmartinez,5ad376870879263979899dc9142f4581cc62b6fe1197f180a8568f8bcc3b10cc,jeremybailey@example.org,False,Network Administration,Quality Assurance (Qa) Team,31095,Male
44,Melissareed,2288923c9976faba704db464dc7c9ec149f2b4ab6e724e78691e4df4704e4039,kimberlyfrazier@example.org,True,Cybersecurity,Devops Team,58778,Female
45,Jamesmonroe,977272366f0299c9744d7a501424bda33f54b7af4076734bc31466c51d876ffd,miranda04@example.org,False,Network Administration,Devops Team,53897,Female
46,Charles05,b19718ca366bdf1ee3345398ec1dd9b5e13fb397bba293571900aa970cce9b98,ncunningham@example.net,False,Software Development,Infrastructure Team,20019,Male
47,Emilyrogers,95df6d7bab110cf850bd9f1e03558f802c66954804fb5cb79eaadf060b343ed9,amy47@example.com,False,Cybersecurity,Devops Team,79719,Female
48,Fordgregory,98ea1dc7fc316bd71c4c3f7ed50f0bfc0bd87128c9533ea87c72bc5184f39d54,stewartsamantha@example.org,False,Cybersecurity,Data Analytics Team,30625,Male
49,Grayjeremy,15fd2dd4ab0bb61fc9c8d144dbd179e3b82d89ca0e70520f00917f677aee15dd,qenglish@example.com,False,It Support,Devops Team,71364,Male
50,Qcollins,7ef7a3ba868e55be09da7527b8839302645390fab89431467c7d6095da7dba85,katherinewalker@example.net,False,Network Administration,Technical Support Team,9439,Male
51,Michele43,4af061e61128006b7358f59e21fd7c291fec4556629ef0abceaba6b0675603f9,wrightlonnie@example.net,False,Software Development,Quality Assurance (Qa) Team,99006,Female
52,Baldwinbrandon,2918dde8ad719d54ebee7a38186c0924cfee7000451f81180ad7aba1056a2473,epope@example.org,False,Software Development,Devops Team,19220,Female
53,Karen64,378c1fa4a98540fd252bf1cc9e96c65a5db0283a8e1d18e3f44f210c0ba21380,christopher12@example.net,True,It Support,User Experience (Ux) Team,64004,Male
54,Kevincastaneda,33f6d7e70792f96436116d667e6109817ebd5100b1c830298cd3035d23739c47,sallyclark@example.com,False,Cybersecurity,Technical Support Team,1995,Female
55,Oscarmartinez,351e0f02debd0ef4082dbab66e84df4fd15d2289f5c3b1b37f60b57490f44ca9,brandi54@example.com,False,It Support,Quality Assurance (Qa) Team,86703,Female
56,Calhounkimberly,54de2bfeee0dc9bea6a1945a5c55cb65dacb35d4ee7a2b1113cb728b539a1557,hvelasquez@example.org,False,Software Development,Technical Support Team,43124,Female
57,Fletcherrobert,6557cf7755a4e8fb45d420570381f6058500faf6e6e7a2d5bb2f3f5e28b32d54,bakertara@example.com,False,Cybersecurity,Data Analytics Team,70890,Female
58,Melissa65,ede76b9039accad7e112d0b87f5198dcfdae0d218d7db86f0e1f1a0c314edea5,bdavidson@example.org,False,Cloud Services,Infrastructure Team,28136,Female
59,Kaylagarcia,b9a6fad46642b72e52397678ba4628a724c84ffd7ef5e1c6909f9baf688118f1,davidwade@example.com,False,Software Development,Devops Team,37857,Female
60,Jennifersmith,bb5054517a608d51c00ea6e2d212ee5a641350c5e6f14ea85305125040bf1a17,nelsontimothy@example.net,False,It Support,Data Analytics Team,93492,Male
61,Daniellejohnson,fc2e5742412ab971400e5139ba552521f98824a5e18f6c8b451a11e5e92c0e33,weavermary@example.org,False,Network Administration,Infrastructure Team,36679,Male
62,Obrown,bec3964e6453aa31edfa53d3213e211309b0dca8541e3f93f4cc830ffcc19d75,elizabeth05@example.com,False,Cybersecurity,User Experience (Ux) Team,4975,Female
63,Jacksonjames,7d97e2aba823c497de2a041d0595014bec9540da226bcdd74958c02229b96b58,eterrell@example.org,False,It Support,Data Analytics Team,49876,Male
64,Thompsonheidi,384c3c774a8f142bd394b8433c185ac0fa440b13a3a3bd9bae92a0e88621016a,tammy67@example.org,False,It Support,Devops Team,35480,Male
65,Gabriel66,e1b913ecb4c1b5ef02e1a6dfc72b83d9915e9269f53baa9c0b8ebbac1986b7b7,peggy95@example.com,False,Software Development,Quality Assurance (Qa) Team,13678,Male
66,Manningtonya,0edc005452143a65f1b703f65e3756ca542f4b0614d7a16672f1f40782c95780,davidgould@example.net,False,It Support,Data Analytics Team,89601,Female
67,Randolphjohn,54a0222a1724e5fcb9e379da7cc6101626ebffd04f3c5b3c30b348dafe0de6c2,wagnermaria@example.com,False,Cloud Services,User Experience (Ux) Team,53286,Female
68,Rebeccalove,c22086b0376f0f2276ff05a04c62ba988da2bf1cce80f01d58aea593b7dd0caf,sharon67@example.com,False,Cloud Services,User Experience (Ux) Team,60745,Male
69,Karenbrown,01418c8b4d45f0aa0fe6d6994f38cf3153e9d7febab22fd7fd0b9ab46813fb5e,dunlapalexandra@example.net,True,Network Administration,Infrastructure Team,51623,Male
70,Tlewis,dee7c88982883459ed0d19a12c000ef07877b6302c5fb73a96fecd833c24ad31,fdaniels@example.org,False,Data Management,Infrastructure Team,76705,Female
71,Isaac52,8a91acafd58a0d740507754bf26a99b3f9c22fa52ec5f61af4fad136c97e06db,nicole16@example.com,False,Data Management,Devops Team,56708,Female
72,Gregoryfoster,f45d8dc4858e54a8352731df8d189495efb8259868dbd782cfbf0962c7ebd2b5,gomezmichael@example.net,False,Software Development,Infrastructure Team,4820,Male
73,Zrice,9e2c1f71e06615c1f6e72b52192b91d1df0f6ef2397e8d5caf1c30154ab864e6,fernandezaimee@example.net,False,It Support,Quality Assurance (Qa) Team,40776,Male
74,Kingluke,b45bba28f756b6c7d0dd549ae6c224e743f53fc719879d0dfb470b5a5e4f5df1,wheelerashley@example.net,False,Network Administration,Quality Assurance (Qa) Team,82621,Female
75,Joseph21,6d1e14761f8871d5f78f84293fce62d8283ef91644eaebf4baa5052a8523ee06,prattkaren@example.org,False,Cloud Services,Data Analytics Team,30918,Female
76,Brooke83,ef51c0b65ed2d8bd8605699c848b6ab106af14254b28a27e927c8bca8d3b37a0,crystalmiller@example.net,False,Cloud Services,Devops Team,47291,Male
77,Joseph98,8e7eb4c211617aa492b43a031e5f70e898d673f1e9f3c658617527cfd825d0c0,allenparker@example.com,False,Network Administration,User Experience (Ux) Team,16514,Female
78,Melissa99,e9c661df67eb4b497b2ee999cfaba2d674597970837c2475c6ccc639a336d101,carol21@example.net,False,Software Development,Technical Support Team,53298,Male
79,Nbaker,d6f10deae1437703cd23691236b64bfa4bf1897e8754164167b3d6dd89cf3bed,lfields@example.net,False,It Support,Quality Assurance (Qa) Team,25567,Male
80,Rmiller,3131a7e4dc09db40aa150828db54fd7731193a75e0abc1f5175889670032b94a,elizabeth47@example.com,False,Cybersecurity,Data Analytics Team,94934,Female
81,Mikeclark,11f1a1c4eb994d771339938cf6cec83572efe2add568dc3d6663ce4c892635c4,sarahlowe@example.net,False,Cloud Services,Quality Assurance (Qa) Team,78212,Female
82,Jennifervasquez,435fcd585f370e5dadeaaa46bcc1def261152f47d8a4ac634d7e4d0b2a476bdf,efox@example.com,False,Cloud Services,Technical Support Team,33837,Female
83,Hartmanjeremy,9e4561e42b8aaccff74ef89479b2fd1841897cff6d7ba42376fb2404102d2eb4,sking@example.com,False,Cybersecurity,Quality Assurance (Qa) Team,732,Male
84,Lewislaurie,5114d0243ed2a0e02031e5168ba03a6aa19f18f4f7c55396095f50a57d618cf7,davidcastillo@example.org,False,It Support,Quality Assurance (Qa) Team,42190,Female
85,Kimberly36,ea46ed5d7ff3735d554027a875379ab8a16a1a1e4c8dcc1f09e7676d12488d01,norrishaley@example.net,False,Cloud Services,Infrastructure Team,62947,Male
86,Careydaniel,8a97969bd505a7f97cbc7e7d8a3b0fb72a772df6561b8b797fa86b88c6fddbda,christopher11@example.net,False,Cybersecurity,Data Analytics Team,83334,Female
87,Lewisjohn,c02092d1e85f800f277082750de7e9e92a4845df346b54852c2789dcc8800cc6,brent85@example.net,False,Cloud Services,Quality Assurance (Qa) Team,92801,Female
88,Jared70,ccc9be6fab33b4ae160cb5188d073424413c7cd6ec27f808bb685f398942bc34,lwatson@example.com,False,Cloud Services,Technical Support Team,50142,Male
89,Hbender,325d220b8941353ecbb1edc1797ffe06744c3e38de0f211c4622876b05c77f2f,sandrathomas@example.org,True,Data Management,Infrastructure Team,65512,Male
90,Olsonrachel,f8eae452e04836d7970653db9afd4915f289034aefe727d2919ed30aacb4d828,brianwebb@example.org,False,Cloud Services,Infrastructure Team,2791,Female
91,Camachokurt,6574e88f62692210594b20a9d2212d1c767c6f11fee3e9cdf5f8f8c2a8287b6f,wanda99@example.net,False,Software Development,User Experience (Ux) Team,34408,Female
92,Kgardner,15f5d17f599c4fd494d2a170286f5c41408eaa8d68610aa98d9802e8a7e2c544,hcallahan@example.net,False,Cloud Services,User Experience (Ux) Team,67173,Male
93,Jefferymontgomery,f2bb1bde27481b2cf971a6cdcdb4533ba03d033152a6c1e66dd33130628337a2,ayalaeric@example.com,False,It Support,Devops Team,2256,Female
94,Kristen95,93f640d0f21b36c38c6ab732cad3c7f9449d1f9d19ebe7cba671ebcbfc82a45a,lgarcia@example.net,False,It Support,Data Analytics Team,9313,Male
95,Richardlarsen,78c920fd43b854f33e8a9ff3aeccb7d5df21988f460e2f6036086f2a5c4af2c5,hensleyjustin@example.net,False,Network Administration,Data Analytics Team,7719,Male
96,Henry54,99c6d1992d1e7a2db1cf93d25fa557fb8ef9a8420a05fb1569d29e5b53f0440a,cunninghamronald@example.com,False,Software Development,Data Analytics Team,5969,Female
97,Rachaelmcfarland,80ad7110e99b2dd8b98a5446fef463ffa147181fba7493e7e2faeaafe8c7f604,dlucas@example.org,False,Data Management,User Experience (Ux) Team,99538,Female
98,Sperez,bafeca7f038b84fbc54ab7c9bc68fb614eb4e4276b6ad3e134bde29073f458e1,zgray@example.org,True,Software Development,Data Analytics Team,27337,Male
99,Shortteresa,3e8ebac0a38ac4e0c89adfaae93e45576bbb2a8ad02d4eebc9da20511ccae6c1,michaelknight@example.org,False,It Support,Technical Support Team,9604,Male
100,Carlshepard,24dd8d9aaf9734b8e2c6196be73b93c2bf77822ab6f699c23edf1ba93e7444aa,jonathan13@example.org,False,Software Development,Technical Support Team,93889,Male
101,Martinsamantha,97af027980bd09f0fc2753eb41274662a37698e3716bcb01e5eb8113a66fb214,martinkevin@example.com,False,Cybersecurity,Quality Assurance (Qa) Team,19897,Female
102,Laurathompson,3a4ee0406fca99ec74ea55f347a6a8072a846c9cbf7a09aeb32e25587d42c07e,catherine56@example.com,False,Data Management,Technical Support Team,92259,Female
103,Stokesmichael,79a88da6568e33bbe6383a9e426ef9f6e10fa973a35810178ff3b02ea05e2343,alexandernelson@example.org,False,Cybersecurity,Infrastructure Team,49902,Female
104,Crawfordebony,ef2bafc8f3628a500c04dfd15f7642391f11482120cee6fa9a8c67de12014d4d,rbrandt@example.com,False,Data Management,User Experience (Ux) Team,59300,Female
105,Hwu,1c4057fa82f6ff4046e7be039d65f0d274ad55de8d3516b0b676980009eebe41,xdean@example.org,False,Cybersecurity,Data Analytics Team,80453,Male
106,Ymiller,306b5cfb427d164b3dc2b9d4281665ab9b58e8c644d4e6317b5c5e86ec2620af,lthompson@example.org,False,Data Management,Infrastructure Team,27392,Male
107,Jennifer53,6c671a239d2be1797a699869d92ab3e11b42c45d35a749d401d5de26d4b571ba,matthewscott@example.org,False,It Support,Quality Assurance (Qa) Team,65130,Female
108,George96,5a79d38550f923378ee8a0e91a4ab72f21e16b802c66348fc726662f7aaf74bd,spencerchristopher@example.com,False,Software Development,Technical Support Team,26996,Female
109,Uwoods,53316ba631d0b3a57201de11cd2ec7767b23db6b8e39ba6d111c539e48909f4d,michaelgreen@example.org,False,Network Administration,Data Analytics Team,4918,Female
110,Lcisneros,ec2188c606afad65b356fe3596c15a90733fda3b95312231bc7c22b05ccf1adc,shari28@example.org,False,Data Management,Data Analytics Team,81328,Female
111,Thomas11,17233abcc831203ccc25da4956a6d43d3e55ff40b8bfb9d273ada339ff3f8d71,benjamin59@example.org,False,Network Administration,Devops Team,20317,Male
112,Woodsjessica,95aa298e26be503aabeeab1497bf18bbaeb16f3f50af7e00540842f9db0f6380,jklein@example.org,False,It Support,Data Analytics Team,56969,Female
113,Shelbyrichardson,58d6a23aab5c54f5f87eba0ddd99caaf0cde6c23b68bd1590997f13906202923,lindsey69@example.org,False,Software Development,Technical Support Team,70057,Female
114,Michellecraig,418252e4af7bbb0ab5eadccf9d6415edbb72780d9a3d6f0d7c2c3efb7ea45d4e,petersenmarisa@example.net,False,It Support,Devops Team,55072,Male
115,Pschneider,a54f707461c2287c9a5b28405d7928aed573bb493f34885fdd98cd0ea95000dd,downspeggy@example.com,False,Data Management,Data Analytics Team,81239,Male
116,Briannaperkins,f6e4d2275ca18bb6d6bcc6d63ce71473d29e60c068d476813f08dc37fd9245be,logan26@example.org,False,Network Administration,Quality Assurance (Qa) Team,66833,Female
117,Vsmith,49a40256800f4a43a616db6e4f9fa834da40e62f2554d50950f42e0b3283c795,drakechristopher@example.com,True,Cloud Services,Infrastructure Team,72128,Male
118,Oliverbrian,baed0827738f991527f58243e6cb3ce8cf673cc1814c34331caae0a355db67f9,justincurtis@example.com,False,Cloud Services,Quality Assurance (Qa) Team,8938,Male
119,John24,492cd945ee2d17b543a2d9ca58d6409a775982aa11c55c7b9f2064a60a4816a9,dawnschultz@example.com,False,Cloud Services,Infrastructure Team,13298,Male
120,Nashkaren,728f84397bdc1d73f76c92e34e92d7b0b60bacccedba6185af112eda25ad7bbd,cassandrayoung@example.org,True,It Support,Devops Team,17617,Male
121,Trandavid,63a208d17a9e4ec3cc949ebd84c0c19b0c7dbb3e8218c145af5d3afed6205580,barry76@example.com,False,Cybersecurity,Infrastructure Team,27552,Female
122,Dakota28,e840e7a5d5cbdc4369b193cf1b6331a81cc6e72947fa5f44e5fca8513520d5bc,michael98@example.org,False,Data Management,Data Analytics Team,55499,Female
123,Anthonyschneider,b2f2395bfed366369db7fb25d7c2c6130426c4e26a94545299f08cbfc4dba840,carl58@example.com,False,It Support,Devops Team,13858,Female
124,Lwalker,738b0366d2529c50c2e50129faca3a8bb990834fe19f2e831a102b9f0a2b24b8,bestdaniel@example.net,False,Software Development,Data Analytics Team,18934,Male
125,Lopezpatrick,074ea416444027cdcded2336466aabdcce8b3e07b944544ff21087e6a823ff3b,kevin82@example.net,False,Software Development,Technical Support Team,38803,Male
126,Pharris,bec984a664b7dd664541689601fd409430b1139f352c1ff7ec798c8bd865edf4,mallen@example.net,False,Software Development,Quality Assurance (Qa) Team,3864,Male
127,Christina22,a62051c04b794aabd253ec3dc68d96baecb6126cb799469c6957ef3e1865264b,deborah63@example.net,False,Network Administration,User Experience (Ux) Team,54865,Female
128,Erinlara,d6a283544e386cb38d01b5ed84308a98d5fef64a40ff5ca689bf18052f8afcfe,laurarivera@example.org,True,Software Development,Quality Assurance (Qa) Team,46903,Male
129,Michaelhebert,612415d9d2a706f67e674232b135834d26dd4085c04da1615c135da662243d0a,elizabeth85@example.org,True,Cybersecurity,User Experience (Ux) Team,24318,Male
130,Kerrjared,9fd5454bc4d09a3327a9b4a20ccee19c631996e9d3ec9485264d1b65d5faebc1,jacksonhelen@example.net,False,Software Development,User Experience (Ux) Team,13006,Male
131,Lcampos,59d58d6438aad419429c9598c3ac3d11a8d9ff5828a723ebda469b69672fcf61,moranariel@example.com,False,Cloud Services,User Experience (Ux) Team,11385,Male
132,Nicholetorres,f3a029b97cc1811172fb9de588f00dec0618c88e1a5e66ea8cc1e2fb79f84648,karen23@example.org,False,Data Management,Quality Assurance (Qa) Team,56205,Male
133,Dwilson,5a1a61d784be96246a8e3863e1ef54a446b86a0b080542003554696215d81376,wwelch@example.com,False,Cloud Services,User Experience (Ux) Team,91255,Female
134,Whitneyjuarez,9ae76746df0205889051ac66f7a1a504a3e9e636de9511b16c66401b1f865dd8,zacharymcgee@example.net,False,Cloud Services,Infrastructure Team,14237,Male
135,Molly71,f7577accc348b8a4a305ed7fb6994bf5be36d3c5151f6da45c8087e43b17824f,scottjennifer@example.com,False,Network Administration,Infrastructure Team,43727,Female
136,Smyers,580bb463b9d26c48392859d053bb61fb2cf8e50df9d0f1f46918f40765d43812,nlee@example.com,False,Cybersecurity,Data Analytics Team,43440,Male
137,Lynchcorey,7faa79a73fdb6e62112b0b5641e8934b07eea3995ad31ea6bfa211e33ec42766,stephanieolson@example.com,False,Data Management,Infrastructure Team,96079,Male
138,Silvagary,6aa56228ef6f24db7dfccbb28027382ba8ca17cbaf911ad82c7d575b53020726,kaylasandoval@example.com,False,Cybersecurity,User Experience (Ux) Team,76036,Female
139,Ohernandez,41fcb2b9c50947ffdb86a45841458b48e555e0622bdcff4a93a6d00aef372a9e,lesliebryan@example.com,True,Data Management,Quality Assurance (Qa) Team,67628,Female
140,Michellewalker,0ef91efba5b5da27884950d1a5b021faccb0f378e29015aca648b3a3deb14812,thomas67@example.net,False,Data Management,Data Analytics Team,47888,Female
141,Vincenttheresa,d152c50a9dc0aeee4d7df9b08701d8046cb1f57ba3b59ea940feca20e1efb273,brianaharvey@example.net,False,Software Development,Data Analytics Team,53733,Female
142,Valeriesalazar,e4b53dfcc6cea7e81c5a61eb755cb0bddde03127d989317c52e2d4b733db9f7c,sarah85@example.net,False,Cloud Services,Technical Support Team,48391,Male
143,Barbara60,0619838bdc8a0b08f95402274e1026877466951402f2ebaa7b31428ae3d19595,schneiderbenjamin@example.net,False,It Support,Devops Team,10620,Female
144,Fuentesdavid,f3dfbf6dee7f7acd51ecad58e2c19d39cd736c47e13f4844130c587669e594f8,millercarol@example.com,False,Cybersecurity,Devops Team,73876,Female
145,Stephen73,0197fd301a5a8fce3c2496a3138424139794815b9e1568675041c051cea7dce4,michael41@example.com,False,It Support,Technical Support Team,39155,Male
146,Bgalvan,a1d164c8304969081115f53d386d41ae759da1e538a4c602bf678aa84027672e,lisa82@example.net,False,Software Development,Technical Support Team,75057,Male
147,Michelealexander,0408ab5fbc36ab71397bbf37a4ebaa4f53b04f74bb229a9017c803976eb76768,alejandrali@example.net,False,Data Management,Infrastructure Team,13862,Female
148,Hicksdillon,852e52743f7ea2f09279d2b2b7d43ecb3d90b13891354233d75d2d38420a0f79,lewisalicia@example.com,False,Data Management,Infrastructure Team,70144,Female
149,Kingpatricia,180b17f12311a70c969e6c79207cc1e5ba910c321f8ef254c98ab608289b24d0,cooperjohnny@example.net,False,Cloud Services,Infrastructure Team,39124,Female
150,Ukim,6f54b30c28bb22ce27558d2797a1f54825e54123dfb4d87522c753f309b28fb1,penny03@example.net,False,Data Management,Quality Assurance (Qa) Team,65410,Female
151,Bcarson,1dfeba759a6330b951ebb38b097f496a2ef6ab3fade9ce403191bd71cc02a0de,erika75@example.org,False,Network Administration,Devops Team,55628,Female
152,Alvin43,4ce8303258adb6874f5679f10c046ca8bf901ecc9fc9edf9c3a016287daf1838,michael32@example.org,False,It Support,User Experience (Ux) Team,89594,Male
153,Patrick63,b7865fb16fa8cae26af2056a2f19f29810e518179873160e58f960dd5d16ebeb,nathansolis@example.net,False,Data Management,Technical Support Team,74528,Female
154,Tlynn,c37a6dbf36d1b4c4010adacb46d8586fa95373cee60037c0a3a27ceeff39bc37,stantonstephanie@example.com,True,Software Development,Infrastructure Team,87313,Female
155,Catherinelopez,7e5716d0f496477c9f75b4956cc828ec8c53305bfefd3c221bba56f8789b4874,mmendoza@example.net,False,Cybersecurity,Infrastructure Team,87293,Female
156,Andersonwilliam,adaa0a0cb044edf1095990acdef6bde8e7f5975643034128ce269ece616bedff,johnmiller@example.org,False,Data Management,Technical Support Team,72058,Male
157,Caitlinmadden,bfa7b0b61ed20e9579dc3351ca4ee517d056069f174b3b28ad9d0ff2344fec8c,gtaylor@example.org,False,It Support,Quality Assurance (Qa) Team,34278,Female
158,Deborahvazquez,145e3717c40f286bea9041b70719a59989c615e352b47a8cc289ee134c2f9f6a,jamiechang@example.org,False,Network Administration,Devops Team,21676,Male
159,Josephkoch,85452a455202520fc68835cae726c1a8e16133f1f5216e4d20a4fd7a4c6df78d,martinezmatthew@example.net,False,Network Administration,Technical Support Team,69866,Male
160,Garnermary,ba842079425770d343385bc45d9f77ccdbce2715726dc6c405be56fc0c1788f5,laratimothy@example.org,False,Data Management,Data Analytics Team,9778,Female
161,Donna84,843b3f02925c9ac1447af3e32b0a440dc960bb8bc1644e3d462dba0def014c05,william80@example.org,False,Cloud Services,Infrastructure Team,64225,Male
162,Williamharris,10ae67137c766aaf6c699b403d2f90b3805447c222c073b833d0170d1ab5c899,collingonzalez@example.com,False,Software Development,Technical Support Team,25485,Female
163,Jordanvincent,dc7aa989524b41e44ac80acf46d2882810b031f305be438925ff3c491e2e5c5c,timothyhinton@example.com,False,Software Development,Infrastructure Team,7178,Male
164,Qsawyer,7284c422221f13d879ebd86110750024ff73d23bf690d0524d98fd16d7440b2f,hughesmatthew@example.org,False,It Support,Devops Team,47289,Female
165,Mcintoshjon,db7b1c1bc1ee8616e84b2b8682859ab701315713d5dee8995bd60e466319419e,robertramirez@example.com,False,It Support,User Experience (Ux) Team,36970,Male
166,Lindamullins,be6cfcecc8b705576689b8716c22aa0b0e538d58e78d4c6c4736916657bee467,terranceduffy@example.org,False,Cybersecurity,Data Analytics Team,15763,Female
167,Gordonamanda,69e0cdb62beb160f3da4f8652f0181034ee8677cb7b9e93703f274361b2a62e5,kyle73@example.org,False,Data Management,Infrastructure Team,25788,Male
168,Jbarry,65da5dfcf09219bc9eb4f885a2f67e50865a89f88c795bd5bc8914ea6dc3b81f,stephanie90@example.com,True,Cloud Services,Infrastructure Team,56585,Female
169,Jordanrichards,81e66da52c4f8aa2c5d5e18475c6adb5723ecadb174315b2b6ff6485e86f278d,kwilliams@example.com,False,Cybersecurity,Infrastructure Team,85635,Female
170,Kennethsmall,e63f58a5d2bcba171c424d5e5b0aa97ec686cb185108dac8b6325269ccfe11ba,brownmackenzie@example.com,False,Software Development,User Experience (Ux) Team,35175,Female
171,Davidpadilla,4983581bf39f668fadaeaf90e243d2adc75c081f6acb9bdbeea13af8951c2a83,jonestiffany@example.net,False,Data Management,Quality Assurance (Qa) Team,37797,Female
172,Gillespieduane,8373bc9e57e18f11cf75c6bdeb2feab1f6bce1eda298076baafb4df4387afec2,howardvickie@example.net,False,Data Management,User Experience (Ux) Team,37559,Female
173,Collinsmark,8e726cd00c15550dfc3081c68d9269465f2bbb4a3367666b1242a5759b3186e1,jordandawn@example.net,False,It Support,Devops Team,45629,Female
174,Eshaw,b04d06a9e663ec2a03fe0f33fc397b5b8371a4180a6e0290c1deb99c70c31844,marissarose@example.com,False,It Support,User Experience (Ux) Team,19281,Female
175,Johnjones,d7c2048423e0e32177db54320c52f4c28e4cde3d4e65eb65cdd412b51a2e272b,amy39@example.org,False,Software Development,Quality Assurance (Qa) Team,78499,Female
176,Paulchelsey,30964d1bc367b60b1cf0a4606d04dc25eb2ffcb88569e91d263d11b1e3b1602c,byoung@example.com,False,Network Administration,Devops Team,24663,Female
177,Hhurst,ab52adc84fc8162872426504087428d74b4c4d8d430b2ebb52a4a29dab684236,smithnathan@example.net,False,Data Management,Devops Team,65508,Female
178,Kcline,67b00e90854e96143a2a4b342e1e29ec3d2d1f2a18e1e9482ce4e585be2b566c,stephenburnett@example.net,False,It Support,Infrastructure Team,75243,Female
179,Lynchwilliam,1347f293bcb7b2f8ae44c89c3b4d892785323d52cdb947caad8b7eec95dcac6c,horngeorge@example.net,False,Software Development,Technical Support Team,31424,Male
180,Sherry19,14032d9b2104e5f4db493f6720665a7897281eb2c17d0c0183677dbabf84a5b1,cathymyers@example.com,False,Network Administration,Technical Support Team,48986,Male
181,Nelsonmichele,ef7b52814759c0b8e04883c7cd3e8259c1f6e2b8908b11a763d1f877e00fa0ac,debrahenry@example.org,False,Cloud Services,Data Analytics Team,47075,Female
182,Fscott,812e3bfbbe002a58922e21db2d4255fc6fff622beff0bce301bf299fb5adbba5,brianpotts@example.com,False,Data Management,User Experience (Ux) Team,91263,Female
183,Sandralee,f15e10473157506f6da52eff2b8cd63aa79d4fd31cfc42da0fcc5d9b756863d5,kristinamorris@example.org,False,Cloud Services,Quality Assurance (Qa) Team,87094,Male
184,Umcguire,712eb3214f6f79ec870dd8b93e447587754b020e16b5945382bd0ac1c3c0b710,pflores@example.net,False,Software Development,User Experience (Ux) Team,99991,Female
185,Ymccormick,05405bc05ce95eb1149750820e5d438a3dcf6a060151d7b487a165a82ae42155,timothywhite@example.org,True,Cloud Services,Quality Assurance (Qa) Team,90224,Male
186,Cmiller,944dd0576ac8d192288fae285aaae304800db6f613685462a6110da7bc2a8a05,heidismith@example.net,False,Cloud Services,User Experience (Ux) Team,79190,Male
187,Huntertroy,2f8f1c0de3be4299324d5532a81a6b161158c2e9995430e20e8a2e182c742fc0,matthewwalker@example.net,False,It Support,User Experience (Ux) Team,92497,Female
188,Wilkinsmargaret,985de5be1bf11efbe726e2cbecc3f4707c0ac294c511ccc9b5ebcf7bbfbbcc99,bperkins@example.net,True,Software Development,Quality Assurance (Qa) Team,55340,Female
189,Djohnson,20f26a6fd9d7d762e4a753d51bd7002fc1e30fcbaf414af010e4941919c4e06c,stevenmeyers@example.net,False,Software Development,Infrastructure Team,93068,Female
190,Fshea,168ee21ac84ba0986053e423fc231bee25f509134e24bd6058ceb18b6b359e57,hornchristine@example.org,False,Cybersecurity,User Experience (Ux) Team,19595,Female
191,Cynthiahebert,482cfc285fa37e230c4f9d0c33b80296fb9b2e0136026b387a8eeaeaa88dc8a3,maxwellstephanie@example.com,False,Software Development,Data Analytics Team,53378,Male
192,Justinwalker,23f39fea813b3f0119dd7c27dea64d07b8bf80edd8e4452ec9d3da811932a609,randy92@example.net,False,Software Development,User Experience (Ux) Team,57669,Female
193,Gleon,4c8a8e420463814dca0770ddcfed6dd2caebc7b852181feea5d87920d42ad4c8,esnow@example.com,False,Cloud Services,Infrastructure Team,80836,Male
194,Foxadam,278c63706702441ac5bd95ab27bb0cdd7cef583448250492e0f88851ed6948cc,simsjeremy@example.org,False,Network Administration,Quality Assurance (Qa) Team,21779,Female
195,Nbishop,3ae02b0be3e8390fee190aa08555ff1c4734ca42a8e274e1092569dd899142f6,grace71@example.net,False,Data Management,Quality Assurance (Qa) Team,9690,Male
196,Jonathan01,02b2610f8087e09c7938598bb256512f039b0e7c8ee0cf8732b197262b343319,cynthia49@example.com,False,Cloud Services,Quality Assurance (Qa) Team,73808,Female
197,Barbaralopez,477a8ab09a76d3bfd935c53fab15146e9d484289c4f489c412f84a98adac2310,autumnadams@example.org,False,Cybersecurity,Devops Team,24337,Male
198,Paynegina,e761a21b420607b1b06ce1576da0bf0074be4f6e2860a362309595ef6351b18a,cmartinez@example.com,False,Data Management,Quality Assurance (Qa) Team,28825,Male
199,Frankeric,ddd6827029daee5afc9e05949decbdea670325b93b83c38d68aa30da8db8b2b8,briannasimmons@example.net,False,Software Development,Devops Team,4565,Male
200,Cthornton,8ea807e3fc814e55b17c850e16faa4fa3a2cca5bedff1d16056d50ee0ef99bb4,richardbailey@example.org,True,Network Administration,Devops Team,5192,Female
201,Twilliams,da6fbdce1c365323181fb812274d86384944f9a9a7c0048f75a5cb54b166c544,sarahsmith@example.net,False,Cybersecurity,Infrastructure Team,4590,Female
202,Joneswalter,77956d9bfadcbccbd7589bead2f4ca43ec961d93e522498f5b52292484fad871,nguyenmonica@example.com,False,It Support,Technical Support Team,73940,Male
203,Thomasmiguel,8f994c300bf918be8e07babc27fb8b6c39df3e9cf20af2f7c659e3082cd944eb,ellisdwayne@example.net,True,Cloud Services,Quality Assurance (Qa) Team,56470,Female
204,Clarkandrea,fd0084f0ea4afa7a7884964fdd257bcd2845419df62cd13794c5701902ef3d58,gloriacrosby@example.org,False,Network Administration,Technical Support Team,14780,Female
205,Tammy05,60838cad3aa249c6e02f4b278c09c72732a6406c7ea74aeb8cdb425e31baa99b,kingnicholas@example.org,False,Data Management,Infrastructure Team,93470,Male
206,Mooreashley,b6df6cb6c6d47563d919fdcf510e0428d7fde337410f9d4a7c8f8686389b8236,cantrellrenee@example.net,False,Cybersecurity,User Experience (Ux) Team,67666,Female
207,Churchjeffrey,603a138322e716455db6efa5b60fb1bd3ac1825ea95bf4a40a199933923a5f87,leedavid@example.net,False,It Support,Infrastructure Team,48521,Male
208,Tjenkins,6980fca7537d458f10dd68fe83b6e3d13a0da76f8c654f234b1faf46ddbd7ee2,donaldjohnson@example.org,False,Cybersecurity,User Experience (Ux) Team,33128,Male
209,Jodimaynard,8c51e11512b257fd2d805f0bfeb5d380b704705f1f38db20cc280ac3b11bb28f,mreynolds@example.net,False,Network Administration,User Experience (Ux) Team,78309,Male
210,Huynhmichael,6ba9022a2d6fb8affee6c0e130f9e4f52024f3a0e5cae1ca03be6d912b890888,xdeleon@example.net,False,Software Development,Infrastructure Team,93277,Female
211,Martinjennifer,79e83a7a9815ec073ab7127b12d4d679c4a1ef061ec325630d2460571979ff4a,perryandrew@example.com,False,Network Administration,Infrastructure Team,98125,Male
212,Johnpatterson,f83c30296b02694c0835853c38f7ac0052e6f70f28ff1aadc74c7072081abbf8,shelbyjohnson@example.com,True,It Support,Devops Team,90129,Male
213,Baileydonald,ed528bbbf22a596ad3c7ae8ba635ca8f56b8c302523f014ba682a910eb731e73,dmatthews@example.net,False,Cloud Services,Data Analytics Team,75332,Male
214,Watsongary,52676dcdc62eaccd574a41ad448e13ddd44f019a55b6f0c39132f2abd2dad961,kari26@example.org,False,Data Management,Quality Assurance (Qa) Team,9231,Female
215,Jjones,9f0bba72e90d72bd7d33056d4e0491c1aa229475164c43868b083c987e267efe,curryaaron@example.com,False,Network Administration,Data Analytics Team,7015,Male
216,Smithcarmen,b0e7fbc42440d81c73709c250e473207a566a8a01f52824b63bda4daab7a6648,william94@example.org,True,It Support,Quality Assurance (Qa) Team,67612,Male
217,Annapierce,8bd9e4d58ada685882a8dcbb776264ea330bce35af46ccc4c99424b0858856ae,carolinealexander@example.net,True,Data Management,Data Analytics Team,45454,Female
218,Matthewholt,35f01dfb7269ffe0a43ec2acbc99641fc2974fc32345f1fa7635c518b5ff631e,kim51@example.org,False,Network Administration,Infrastructure Team,58363,Male
219,Erikaelliott,3e787cfd7dc8e30f40fb00ed110cab1d680f9c4ecb067e0c222fb0782d681bf8,xalvarez@example.com,False,It Support,Quality Assurance (Qa) Team,21253,Female
220,Richard69,b2dfd6fe787f6fdc18fff0dd3e0337e0cf808b08d77dd54455f8eaa0432478b0,carrollryan@example.com,True,Network Administration,Infrastructure Team,65752,Female
221,Rogerfleming,19e167ef95e682e5e3c30b687be16064f34cc575a70e7ef7b4b770d39ad7b81e,freemanbrandon@example.org,True,Network Administration,Technical Support Team,6196,Male
222,Drivera,5efa560d7888e415154636b2c1ea945210aa336f8684fd340b1737132c7a2e7e,crivas@example.net,False,It Support,Technical Support Team,75992,Male
223,Jonesjacqueline,c20e43f86885b9770cd9fbdffcd4e4248694864c4096859558765381e81d8d31,gabriela14@example.net,False,Data Management,Devops Team,3793,Female
224,Glennespinoza,75599aaed53462e16c775c0a56ed50eafeeb18164e542b1cf48710928fd271fc,rwade@example.org,False,It Support,Quality Assurance (Qa) Team,67016,Female
225,Lsherman,ee80a2dd6148e88b446431b9b5506a5e23865126617a463ab2682e049e9cd8b2,nicolebrennan@example.com,False,Software Development,Devops Team,24211,Male
226,Molly79,a6abdee132d65ac9e4d9491ac4ab924b20d32a1f77b821082c09ecae95cb080e,travis50@example.com,False,Data Management,Infrastructure Team,7184,Male
227,Millerdonald,f43907bb78c19c24de2e6019c00d228e4b01ebd320b39b953d3962a27eca5b73,flemingnoah@example.net,True,Network Administration,Infrastructure Team,99231,Male
228,Xsosa,a0a3b3bc1245b2f1315b2c4df17650f37fd0a592ccd9af0d6b70c398cf752fa5,gardnerderrick@example.org,False,It Support,Quality Assurance (Qa) Team,89687,Male
229,Dpalmer,51db6e72b819138d3591750676025d19e97bfb604c125645d65bbcb143157a7e,destiny67@example.com,False,It Support,Devops Team,8842,Female
230,Rjohnson,761bdcb035af5e2e6247603782507b7128ce338d45cf564071b5a6fa2e5c94ef,pateljennifer@example.net,False,Cybersecurity,Data Analytics Team,76886,Male
231,Kramerlarry,d733f8cee25b85d01cb53031c50d91600c58a48e021806c7df37897fb3cecad5,stephen57@example.com,False,It Support,Data Analytics Team,95462,Male
232,Michael73,027d519b0f1d0ffc278b51650e90a861de99894c55dca369ff8244bf0af66a4a,derrickcolon@example.net,False,Software Development,Quality Assurance (Qa) Team,46432,Male
233,Lsalinas,421db6e9c73649278514b90cdad7a29c8e901b2227e3778042bd9333447e351c,bennetterin@example.net,False,Network Administration,Quality Assurance (Qa) Team,62097,Male
234,Anna62,d4913b0dfc49076aff473752815774b6539eca7d4fb93b6e434a074232e4943c,clinton99@example.org,True,Cybersecurity,Quality Assurance (Qa) Team,90392,Female
235,Avega,1c26474569ca0bb66782ac1460a4c0c1a33c0c3222ef01a5e0b4507fbf5819b8,uconley@example.com,False,It Support,Devops Team,23693,Female
236,Brobertson,90073d9d140e6524097b69002eb0186baeb0f6ab047f4335cdc2c125e5e0c633,hlopez@example.com,False,It Support,Infrastructure Team,50451,Female
237,Antonio59,bec9bf4856d0a1a5125d9043403586cc6e99ded417196683548dfaa93c4e1d9c,tstewart@example.org,False,It Support,Data Analytics Team,42342,Female
238,Xmitchell,4205fefb54cee37585d15774ba556efd1d690492d532b8a9304e3d0de059556a,utaylor@example.com,False,Cloud Services,Data Analytics Team,54269,Male
239,Mwilliams,746e9dd211d5aee7a2a7552a598d4da7ee85e8d13f84cc29cc46a3a50aed2d10,wallaceandrea@example.com,False,It Support,Data Analytics Team,42323,Male
240,John57,509a563b0b7236d4df8b784caebb1611ccc0d3802f0021610629eda634c381cc,adamsmichelle@example.net,False,Network Administration,Quality Assurance (Qa) Team,83228,Male
241,Willie02,02cf8961b28a87269713e3fc8c55fa1a68240aa9ebdde089089c9c2226dba83d,fgill@example.com,False,It Support,Infrastructure Team,11641,Male
242,Smithdanny,ae796c18215d171aad0b4772b8517e3348c811d613b0966534fcf16586db8ec5,emorales@example.com,False,It Support,Devops Team,26863,Female
243,Bmclean,0e93eb98b4c969a86f70fe4a0399162d32b16abeba3cf530d600050a7b23733f,adamsjennifer@example.net,True,Cloud Services,Data Analytics Team,42884,Female
244,Jeffrey77,2c5d087ea16dc8e00a43b86bff4e5a7a4be469d801fd08567428d2285169b6ee,coxdesiree@example.net,False,Data Management,Devops Team,72944,Male
245,Mary30,60a05f217cc170e35295f812af3c97cf713a9018adaaeac9248e0ebd6cd80a46,benjaminwebster@example.com,False,Software Development,Technical Support Team,90232,Male
246,Amy26,7d833b291e652a98e494e1baf7561b4da19bfe4e157bf58a0574c9cdbae1dde7,omitchell@example.com,False,Software Development,Data Analytics Team,14350,Female
247,Vincent61,65b607e80b8f6f62633b6c8aa7cff4d104a4c7274a73d94814f94fd47c699750,hbutler@example.com,False,It Support,Quality Assurance (Qa) Team,88449,Female
248,Gdunn,dfb267c65e42859f503f509da10eaa3ee9e92bb3f2a9c5805781fa6741692ec6,angela22@example.net,False,Cybersecurity,User Experience (Ux) Team,31202,Male
249,Rileyjohn,d3b91f89777d802c45c8d8ef375d064f95c842fef3305bb510bb00b63347f925,lauramiller@example.net,False,Software Development,Quality Assurance (Qa) Team,41915,Female
250,Maddoxjennifer,1151abf2126b62354967fa98d388905d46928ae393c3ba8ce577105dcecfee44,brownrenee@example.net,False,Cybersecurity,Quality Assurance (Qa) Team,18663,Female
251,Barralexander,367dab661ddd65865234009e4c53e825657836c49c28655cbb7240ec07879b4e,christopherdean@example.org,False,Software Development,Devops Team,56366,Female
252,Briansalas,627efe77af85c10347d776ba018a884ac2ea54ab376779f320c5a107465099e3,troyramsey@example.net,False,Software Development,Devops Team,55656,Female
253,Leebill,40e9f5db654d0aa06e57f51b4c75511e9351f958bcee4c7ab5e75f55b555130e,xalexander@example.org,False,Software Development,Quality Assurance (Qa) Team,43441,Male
254,Richard00,9327751d88b9ea4723abb264def9fc3ed2a03be649a92d3a6673ef92ec73290c,daniel47@example.org,False,It Support,User Experience (Ux) Team,3069,Male
255,Joseph16,0fd9687ad5c07c482ba208a4ae77f9a647b976a4ed6ca8f93e72d0085a69ed9b,marshalljoseph@example.org,False,Software Development,Quality Assurance (Qa) Team,29238,Female
256,Katrina23,4af13fad8b02eabdd91e5ae3082d577bb874f05fd03d00385d031901bef5ff54,nancy06@example.org,False,It Support,Infrastructure Team,7246,Male
257,Hudsonkimberly,ba261ceaeb0cbdfddf8cf7e9899180a6f12fcadb2ddf3f75595deaa422b863c4,eric56@example.org,False,Cloud Services,Devops Team,14636,Male
258,Njenkins,45abb6bd86b5bf5458c7259dd6700a0a7a38ee6106f244f653d953f443a58ea5,jodi03@example.com,False,It Support,Technical Support Team,62221,Female
259,Butleremily,95a88af1ee3814c381a7371ea76457da23bdf98b23e49d4ada5e5264bf40bda6,glennhuff@example.org,False,Cloud Services,Technical Support Team,10800,Male
260,Whitejennifer,ee0e4fb62db2fd1462f7f7afd5e18c3c983d239927d0a55977458550a8e3664a,jennifer07@example.net,False,Software Development,Technical Support Team,2521,Female
261,Watsonangela,9ad1b267e53cea7e3adf6dcd03d9673c859c935848ad84212a3f595ae26ef14f,matthew55@example.net,False,It Support,User Experience (Ux) Team,72704,Male
262,Paula29,1ff64b70e2d3a23357fb7ca6b06015985979f68a9fc4a8eb50d627bf43c02d06,moralesmichelle@example.net,False,Cloud Services,Infrastructure Team,54305,Female
263,Tiffanydavis,29d1d8f361c8e09308cb2854322b6a27ef5d6a06fc5f10684ce6720be1e4295a,yharrell@example.net,False,Software Development,Infrastructure Team,77285,Male
264,Uwilson,1fa519b7c02b7bfbd943e0be7639b246fb96e7d736e8fd8a2d5241d67d7bc168,vmunoz@example.com,False,Cybersecurity,Devops Team,58530,Female
265,Adamcasey,cb18d628b6ee1a92e7ef25fa64faebc80c3061ea740f81b5b3a6da3e126770d8,sarahhill@example.net,False,Cybersecurity,Technical Support Team,34944,Female
266,Rebecca23,d4529edd7d5fbb63823181ddfd3e0d7b91905828b7be335e6a3ffa38be7dc10a,mark88@example.net,False,It Support,Data Analytics Team,83891,Female
267,Irobinson,a86f3198ea7885c73aeec113ae32bfb849f44d1273c6054626661231c57be7ae,nicholas05@example.org,False,Data Management,Quality Assurance (Qa) Team,68175,Male
268,Bharrison,aa3d98ad51dfbf12837cb10139d58b9fc4bfa2d9f2109247be6f37e524da2978,alanyates@example.com,False,Data Management,Quality Assurance (Qa) Team,18805,Male
269,Andrearoberts,a50936b5cf0f57b7756a782eac8e403885a2238b870ecc65bd23ee3b4bdf06fb,wrightvictoria@example.org,False,Data Management,Devops Team,67003,Female
270,Douglas53,75dc517c42dfbf07c896d6cac9611c0d1f0126a7974c85050138bcb759776593,tamara09@example.org,True,Software Development,Data Analytics Team,82127,Female
271,Ymartinez,b5a428e1ad416e968d9b1d1a6bcabab99a47b4078a292faf80598e3212d83749,zimmermanandrew@example.com,False,Software Development,Quality Assurance (Qa) Team,72091,Female
272,Jeffrey06,6125f31b5209b94ca90537a6af389ee8c15c4ca679dec93a186623375ceb056e,bennettlee@example.com,False,It Support,User Experience (Ux) Team,38238,Male
273,Zmcknight,12eb67f179c291e5096d3c681c511029d14993f75b66d7aabaca14a3d5fe7cc6,kayla37@example.org,True,Software Development,Quality Assurance (Qa) Team,48737,Female
274,Ohill,1ea0b1a044d30c9cd8affe8457eca930817b7882ec7f93f96ff13f19936d5278,morrislaura@example.net,False,Software Development,Devops Team,83067,Male
275,Smithjason,23115f6e0d3d3879e54931dc95503bab05fbed14eb4fd48274fecec47b78d3a8,laura50@example.org,False,Network Administration,Technical Support Team,86630,Male
276,Rpalmer,d8227a3c455da1b2c355d9ed73083422885ff2117a1734e27353adc0881669e2,johnsondominic@example.net,False,Software Development,User Experience (Ux) Team,591,Female
277,Fpalmer,456536e06e97a93af69dfa13a538218a6a1c1e4f2bc6614c7fe99095f86336e0,bethanyreed@example.net,False,Software Development,Quality Assurance (Qa) Team,69272,Male
278,Shannonowens,e7a758d7d3b99a11983ac1b9f30a3a2a9c92398851544891887853ef1bab6b06,ebright@example.net,False,Cloud Services,Devops Team,56237,Female
279,Wandagarcia,403d7a1426a2333981a596c6b27c9d433a12b6566f5b0914215699cc9e235da0,peter24@example.com,False,Data Management,Technical Support Team,83766,Female
280,Huntsandra,c0583954862c8c18bd8027c8be589c9c6ead09505550d565174aa7ed5611a16f,linda69@example.org,False,Software Development,Devops Team,12735,Female
281,Lroberts,7cca3115e92b60b56ce26b04d5814c4732ede25c9da6198bb465bf0ad3a665c1,kduncan@example.org,False,Data Management,Data Analytics Team,24804,Male
282,Barrettkellie,df22f55098454f5ccb9b0d300d953c566d1f410e9a42f88b714d10b392441c52,smithsabrina@example.net,False,Data Management,Data Analytics Team,45014,Male
283,Stevensdaniel,511dfccfb4739319ef722434d5093dec5f98350d6fd67c822b50996d8ff03176,lkline@example.net,True,Software Development,User Experience (Ux) Team,58859,Male
284,Mcdonaldrichard,c5c15dfb056e4d51622ee003c7d786931bf3078637d5d7c65b7bd3751df707cf,nicholas10@example.org,True,Software Development,User Experience (Ux) Team,65487,Female
285,Maria12,fb0eb797eb4e31eab8033ae44d220fa7ff27687fb360f44d1fa1a7b5cc7603df,teresabuck@example.org,False,Network Administration,Technical Support Team,4295,Male
286,Ataylor,af11ca06f1390607b8c806447f101f28afa3e4183d7f2a34fc8a573dfd1d0784,susanquinn@example.com,False,Network Administration,Devops Team,62334,Male
287,Clarksara,50f686e2f1a28688ffd4738cfe10f4716aa206d393e05254cb761f88a93ee7e8,thomashelen@example.com,False,Network Administration,Quality Assurance (Qa) Team,55754,Female
288,Gdavis,a830150d3fd3dd19bebdd10255c9e5b80c2970934e74eb9d60f176d977f752a2,nfloyd@example.com,False,Data Management,Technical Support Team,65672,Male
289,Wwilliams,8a99b770f12685b4dc9d08d29b87c5bcdac888551f964c0beab72a7103a9c632,jonathandavis@example.net,False,Cloud Services,Infrastructure Team,99436,Male
290,Zprice,7d98887c5c40aadd9157b6a1acd6488faad5581f00b39d66668ce584d0c0616a,tstevens@example.net,False,Cloud Services,Data Analytics Team,29991,Male
291,Lawsonandrew,c695dc170e98754a03a1fe032369bed43635b93830fae9f647055015e404245e,ljones@example.net,False,Data Management,User Experience (Ux) Team,88411,Female
292,Mckenzie03,9f1882e0ed99c396b904fb3486923a63575dd6de00e6f60042cd4dd489c52393,karlamoreno@example.com,True,Software Development,Technical Support Team,22167,Male
293,Xguerrero,8b965ca793263633577c03c820c06b387d537d711643e3de80da1c6818fd761b,nicholas21@example.com,False,Software Development,Devops Team,26861,Male
294,Hayeskyle,1fc35ff401e4fef11505f65b8fc7ef7887a060779e2648a1dd0a0daea3de9617,stephengarcia@example.com,False,Software Development,User Experience (Ux) Team,17614,Male
295,Michael58,640457734f5d3d36de348fb53ddc15bf1ea3aa58cfbb2d6eee9053b50e0a192d,serranomary@example.com,False,Cybersecurity,User Experience (Ux) Team,24911,Female
296,Nwilliams,1d4d040b97f83b24cb5bc96d2bdc75c1493168fbd39ee8b5a0b8024a9654625e,kwood@example.net,False,Cloud Services,Quality Assurance (Qa) Team,17395,Male
297,Meltonjesus,0820f6137116857c5d5ca73af80017a61161384618b5e70d49c209e321682c75,anna99@example.com,False,Network Administration,Quality Assurance (Qa) Team,69489,Female
298,Gregory69,7cd3dbdd3c5e4b242e5a1bc8fcee30923bf7f8dd670e3c0f3e60abcd24272c0c,mary10@example.net,False,Network Administration,User Experience (Ux) Team,5797,Female
299,Martinezjacob,efe6d91a9a69fefd8f346ded6b18a54f4f0b53f1dc57dd4da9aa940c52c903d0,xharvey@example.com,False,Cloud Services,Technical Support Team,33075,Female
300,Kennethbrown,134f43f33d36d21277c1a1bb25512a1b8541b899dc874fec4e0fcea1534481c1,zwilson@example.com,False,Cloud Services,Data Analytics Team,20425,Female
